stt,material,material_description,dvt,ton_dau_ky,nhap_kho_trong_ky,chuyen_mdsd,xuat_khau,xuat_khac,ton_cuoi_ky,ghi_chu
1,MAS1213-00KM,MF;LS-LHR;AS2028K;;KM;NA;M,EA,0.0,30.0,0.0,30.0,0.0,0.0,
2,MAS1217-02,MF;G3-MS40CK;AS1110K;KM;NA;M,EA,0.0,10.0,0.0,10.0,0.0,0.0,
3,MAS1217-39,MF;G3-MS40CK;AS1110K;KM;NA;M,EA,0.0,15.0,0.0,15.0,0.0,0.0,
4,MAS1218-39,MF;G3-MS50CK;AS1111K;KM;NA;M,EA,0.0,5.0,0.0,5.0,0.0,0.0,
5,MAS1219-02,MF;G3-MS80CK;AS1112K;KM;NA;M,EA,0.0,9.0,0.0,9.0,0.0,0.0,
6,MAS1219-39,MF;G3-MS80CK;AS1112K;KM;NA;M,EA,0.0,21.0,0.0,21.0,0.0,0.0,
7,MAS1226-00US,MF;VS-FTHP;AS1853K;KM;NA;M,EA,0.0,198.0,0.0,198.0,0.0,0.0,
8,MAS1227-00US,MF;VS-FTIW;AS1855K;KM;NA;M,EA,0.0,209.0,0.0,209.0,0.0,0.0,
9,MAS1230-39,MF;GFTDPST;AS2072K;KM;NA;M,EA,0.0,55.0,0.0,55.0,0.0,0.0,
10,MAS1231-256,MF;GFTEDG-CK;AS2068K;KM;NA;M,EA,0.0,20.0,0.0,20.0,0.0,0.0,
11,MAS1233-256,MF;GFTLDR;AS2073K;KM;NA;M,EA,0.0,65.0,0.0,65.0,0.0,0.0,
12,MAS1239-256,MF;GFT-XLCK;AS2074K;KM;NA;M,EA,0.0,30.0,0.0,30.0,0.0,0.0,
13,MAS1243-34,MF;MD-AP-MH;AS1847K;KM;NA;M,EA,0.0,10.0,0.0,3.0,0.0,7.0,
14,MAS1245-34,MF;MD-IFISTEP;AS1852K;KM;NA;M,EA,0.0,10.0,0.0,7.0,0.0,3.0,
15,MAS1246-34,MF;MD-IW;AS1846K;KM;NA;M,EA,0.0,50.0,0.0,50.0,0.0,0.0,
16,MAS1247-34,MF;MD-S70-AP;AS1850K;KM;NA;M,EA,0.0,10.0,0.0,10.0,0.0,0.0,
17,MCB2059-01US,MF;U-ES-F;CB206K;US/KM;100~240V;M,EA,0.0,88.0,0.0,84.0,4.0,0.0,TP dual-role (input cho TP khác)
18,MCB2207-01US,MF;U-ESPF-F;CB206N;US/KM;100~240V;M,EA,0.0,88.0,0.0,76.0,0.0,12.0,
19,MEP2554-01US,MF;E-ES-F;EP719K;US/KM;100~240V;M,EA,0.0,318.0,0.0,303.0,0.0,0.0,
20,MEP2560-01US,MF;E-ESPF-F;EP719L;US/KM;100~240V;M,EA,0.0,322.0,0.0,281.0,56.0,0.0,TP dual-role (input cho TP khác)
21,MEP2561-01US,MF;E-ES-F;EP719M;US/KM;100~240V;M,EA,0.0,142.0,0.0,104.0,38.0,0.0,TP dual-role (input cho TP khác)
22,MFC0110-00US,MF;TBCC-02;FC210K;US/KM;NA;M,EA,0.0,161.0,0.0,161.0,0.0,0.0,
23,MFW0502-02,MF;A78-03;FW505;KM;NA;M,EA,0.0,48.0,0.0,45.0,0.0,3.0,
24,MFW0502-39,MF;A78-03;FW505;KM;NA;M,EA,0.0,74.0,0.0,62.0,12.0,0.0,TP dual-role (input cho TP khác)
25,MFW0502-570,MF;A78-03;FW505;KM;NA;M,EA,0.0,2.0,0.0,2.0,0.0,0.0,
26,MFW0502-571,MF;A78-03;FW505;KM;NA;M,EA,0.0,192.0,0.0,148.0,16.0,13.0,TP dual-role (input cho TP khác)
27,MFW0502-571IN,MF;A78-03;FW505;KM;NA;M,EA,0.0,4.0,0.0,2.0,2.0,0.0,TP dual-role (input cho TP khác)
28,MFW0502-575,MF;A78-03;FW505;KM;NA;M,EA,0.0,1.0,0.0,1.0,0.0,0.0,
29,MFW0502-597,MF;A78-03;FW505;KM;NA;M,EA,0.0,11.0,0.0,6.0,0.0,5.0,
30,MFW0503-289DE,MF;A678-03;FW506;KM;NA;M,EA,0.0,3.0,0.0,3.0,0.0,0.0,
31,MFW0503-414,MF;A678-03;FW506;KM;NA;M,EA,0.0,19.0,0.0,14.0,0.0,5.0,
32,MFW0503-460,MF;A678-03;FW506;KM;NA;M,EA,0.0,90.0,0.0,70.0,5.0,13.0,TP dual-role (input cho TP khác)
33,MFW0503-460IN,MF;A678-03;FW506;KM;NA;M,EA,0.0,9.0,0.0,5.0,0.0,4.0,
34,MFW0503-490,MF;A678-03;FW506;KM;NA;M,EA,0.0,1.0,0.0,1.0,0.0,0.0,
35,MFW0503-491,MF;A678-03;FW506;KM;NA;M,EA,0.0,5.0,0.0,1.0,0.0,4.0,
36,MFW0503-510,MF;A678-03;FW506;KM;NA;M,EA,0.0,74.0,0.0,69.0,5.0,0.0,TP dual-role (input cho TP khác)
37,MFW0503-511,MF;A678-03;FW506;KM;NA;M,EA,0.0,8.0,0.0,6.0,2.0,0.0,TP dual-role (input cho TP khác)
38,MFW0503-512,MF;A678-03;FW506;KM;NA;M,EA,0.0,6.0,0.0,1.0,1.0,4.0,TP dual-role (input cho TP khác)
39,MFW0503-517,MF;A678-03;FW506;KM;NA;M,EA,0.0,3.0,0.0,3.0,0.0,0.0,
40,MFW0503-518,MF;A678-03;FW506;KM;NA;M,EA,0.0,17.0,0.0,13.0,0.0,4.0,
41,MFW0503-520,MF;A678-03;FW506;KM;NA;M,EA,0.0,1.0,0.0,1.0,0.0,0.0,
42,MFW0503-523,MF;A678-03;FW506;KM;NA;M,EA,0.0,1.0,0.0,1.0,0.0,0.0,
43,MFW0503-583,MF;A678-03;FW506;KM;NA;M,EA,0.0,20.0,0.0,20.0,0.0,0.0,
44,MFW0503-584,MF;A678-03;FW506;KM;NA;M,EA,0.0,10.0,0.0,10.0,0.0,0.0,
45,MFW0503-591,MF;A678-03;FW506;KM;NA;M,EA,0.0,19.0,0.0,15.0,0.0,4.0,
46,MFW0503-594,MF;A678-03;FW506;KM;NA;M,EA,0.0,5.0,0.0,5.0,0.0,0.0,
47,MFW0503-595,MF;A678-03;FW506;KM;NA;M,EA,0.0,20.0,0.0,20.0,0.0,0.0,
48,MFW0503-721IN,MF;A678-03;FW506;KM;NA;M,EA,0.0,8.0,0.0,4.0,0.0,4.0,
49,MFW0503-724,MF;A678-03;FW506;KM;NA;M,EA,0.0,1.0,0.0,1.0,0.0,0.0,
50,MFW0504-02,MF;MG-A59-07;FW209K;KM;NA;M,EA,0.0,32.0,0.0,29.0,0.0,3.0,
51,MFW0504-02JP,MF;MG-A59-07;FW209K;KM;NA;M,EA,0.0,4.0,0.0,4.0,0.0,0.0,
52,MFW0504-08,MF;MG-A59-07;FW209K;KM;NA;M,EA,0.0,7.0,0.0,4.0,0.0,3.0,
53,MFW0504-39,MF;MG-A59-07;FW209K;KM;NA;M,EA,0.0,394.0,0.0,334.0,29.0,9.0,TP dual-role (input cho TP khác)
54,MFW0504-39IN,MF;MG-A59-07;FW209K;KM;NA;M,EA,0.0,11.0,0.0,7.0,4.0,0.0,TP dual-role (input cho TP khác)
55,MFW0504-39JP,MF;MG-A59-07;FW209K;KM;NA;M,EA,0.0,5.0,0.0,5.0,0.0,0.0,
56,MFW0504-39PT,MF;MG-A59-07;FW209K;KM;NA;M,EA,0.0,6.0,0.0,1.0,5.0,0.0,TP dual-role (input cho TP khác)
57,MFW0504-406,MF;MG-A59-07;FW209K;KM;NA;M,EA,0.0,169.0,0.0,159.0,0.0,10.0,
58,MFW0504-406ES,MF;MG-A59-07;FW209K;KM;NA;M,EA,0.0,49.0,0.0,39.0,0.0,10.0,
59,MFW0504-57,MF;MG-A59-07;FW209K;KM;NA;M,EA,0.0,41.0,0.0,18.0,2.0,21.0,TP dual-role (input cho TP khác)
60,MFW0504-717IN,MF;MG-A59-07;FW209K;KM;NA;M,EA,0.0,9.0,0.0,6.0,0.0,3.0,
61,MFW0510-02,MF;MG-A86-05;FW512;KM;NA;M,EA,0.0,8.0,0.0,8.0,0.0,0.0,
62,MFW0510-39,MF;MG-A86-05;FW512;KM;NA;M,EA,0.0,18.0,0.0,10.0,8.0,0.0,TP dual-role (input cho TP khác)
63,MFW0511-02,MF;MG-A505;FW513;KM;NA;M,EA,0.0,22.0,0.0,22.0,0.0,0.0,
64,MFW0511-39,MF;MG-A505;FW513;KM;NA;M,EA,0.0,15.0,0.0,8.0,1.0,6.0,TP dual-role (input cho TP khác)
65,MFW0511-39JP,MF;MG-A505;FW513;KM;NA;M,EA,0.0,6.0,0.0,2.0,0.0,4.0,
66,MFW0512-02,MF;MG-A515;FW514;KM;NA;M,EA,0.0,32.0,0.0,31.0,0.0,1.0,
67,MFW0512-02JP,MF;MG-A515;FW514;KM;NA;M,EA,0.0,1.0,0.0,1.0,0.0,0.0,
68,MFW0512-08,MF;MG-A515;FW514;KM;NA;M,EA,0.0,1.0,0.0,1.0,0.0,0.0,
69,MFW0512-23IN,MF;MG-A515;FW514;KM;NA;M,EA,0.0,1.0,0.0,1.0,0.0,0.0,
70,MFW0512-39,MF;MG-A515;FW514;KM;NA;M,EA,0.0,193.0,0.0,186.0,1.0,4.0,TP dual-role (input cho TP khác)
71,MFW0512-39JP,MF;MG-A515;FW514;KM;NA;M,EA,0.0,15.0,0.0,8.0,6.0,1.0,TP dual-role (input cho TP khác)
72,MFW0512-718IN,MF;MG-A515;FW514;KM;NA;M,EA,0.0,14.0,0.0,12.0,0.0,2.0,
73,MFW0513-02,MF;MG-A510;FW515;KM;NA;M,EA,0.0,315.0,0.0,315.0,0.0,0.0,
74,MFW0513-39,MF;MG-A510;FW515;KM;NA;M,EA,0.0,1369.0,0.0,1312.0,5.0,52.0,TP dual-role (input cho TP khác)
75,MFW0513-39IN,MF;MG-A510;FW515;KM;NA;M,EA,0.0,16.0,0.0,8.0,0.0,8.0,
76,MFW0513-39JP,MF;MG-A510;FW515;KM;NA;M,EA,0.0,22.0,0.0,18.0,0.0,4.0,
77,MFW0513-39TW,MF;MG-A510;FW515;KM;NA;M,EA,0.0,6.0,0.0,1.0,0.0,5.0,
78,MFW0513-407,MF;MG-A510;FW515;KM;NA;M,EA,0.0,445.0,0.0,462.0,0.0,0.0,
79,MFW0513-407ES,MF;MG-A510;FW515;KM;NA;M,EA,0.0,79.0,0.0,71.0,0.0,8.0,
80,MFW0514-02,MF;MG-A541;FW516;KM;NA;M,EA,0.0,46.0,0.0,46.0,0.0,0.0,
81,MFW0514-39,MF;MG-A541;FW516;KM;NA;M,EA,0.0,90.0,0.0,88.0,0.0,0.0,
82,MFW0514-39JP,MF;MG-A541;FW516;KM;NA;M,EA,0.0,1.0,0.0,1.0,0.0,0.0,
83,MFW0515-02,MF;MG-A544;FW517;KM;NA;M,EA,0.0,62.0,0.0,59.0,0.0,3.0,
84,MFW0515-39,MF;MG-A544;FW517;KM;NA;M,EA,0.0,37.0,0.0,32.0,0.0,5.0,
85,MFW0516-02,MF;MG-A538;FW518;KM;NA;M,EA,0.0,15.0,0.0,15.0,0.0,0.0,
86,MFW0516-08,MF;MG-A538;FW518;KM;NA;M,EA,0.0,1.0,0.0,1.0,0.0,0.0,
87,MFW0516-39,MF;MG-A538;FW518;KM;NA;M,EA,0.0,72.0,0.0,59.0,0.0,13.0,
88,MFW0517-02,MF;MG-A528;FW519;KM;NA;M,EA,0.0,19.0,0.0,18.0,0.0,1.0,
89,MFW0517-39,MF;MG-A528;FW519;KM;NA;M,EA,0.0,85.0,0.0,76.0,0.0,9.0,
90,MFW0517-39JP,MF;MG-A528;FW519;KM;NA;M,EA,0.0,1.0,0.0,1.0,0.0,0.0,
91,MFW0518-02,MF;MG-A536;FW520;KM;NA;M,EA,0.0,18.0,0.0,18.0,0.0,0.0,
92,MFW0518-39,MF;MG-A536;FW520;KM;NA;M,EA,0.0,38.0,0.0,38.0,0.0,0.0,
93,MFW0519-02,MF;MG-A526;FW521;KM;NA;M,EA,0.0,6.0,0.0,6.0,0.0,0.0,
94,MFW0519-39,MF;MG-A526;FW521;KM;NA;M,EA,0.0,20.0,0.0,17.0,0.0,3.0,
95,MFW0520-02,MF;G1-FW159_9;FW522;KM;NA;M,EA,0.0,32.0,0.0,32.0,0.0,0.0,
96,MFW0520-17,MF;G1-FW159_9;FW522;KM;NA;M,EA,0.0,171.0,0.0,149.0,5.0,12.0,TP dual-role (input cho TP khác)
97,MFW0520-17IN,MF;G1-FW159_9;FW522;KM;NA;M,EA,0.0,11.0,0.0,6.0,5.0,0.0,TP dual-role (input cho TP khác)
98,MFW0520-17JP,MF;G1-FW159_9;FW522;KM;NA;M,EA,0.0,4.0,0.0,2.0,0.0,2.0,
99,MFW0521-02,MF;G1-FW158_9;FW158K;KM;NA;M,EA,0.0,1.0,0.0,1.0,0.0,0.0,
100,MFW0521-17,MF;G1-FW158_9;FW158K;KM;NA;M,EA,0.0,5.0,0.0,3.0,0.0,2.0,
101,MFW0521-17JP,MF;G1-FW158_9;FW158K;KM;NA;M,EA,0.0,5.0,0.0,5.0,0.0,0.0,
102,MFW0522-289DE,MF;A679-03;FW524;KM;NA;M,EA,0.0,2.0,0.0,2.0,0.0,0.0,
103,MFW0522-414,MF;A679-03;FW524;KM;NA;M,EA,0.0,15.0,0.0,10.0,0.0,5.0,
104,MFW0522-460,MF;A679-03;FW524;KM;NA;M,EA,0.0,44.0,0.0,37.0,0.0,5.0,
105,MFW0522-460IN,MF;A679-03;FW524;KM;NA;M,EA,0.0,5.0,0.0,5.0,0.0,0.0,
106,MFW0522-509,MF;A679-03;FW524;KM;NA;M,EA,0.0,5.0,0.0,4.0,0.0,1.0,
107,MFW0522-510,MF;A679-03;FW524;KM;NA;M,EA,0.0,38.0,0.0,37.0,1.0,0.0,TP dual-role (input cho TP khác)
108,MFW0522-511,MF;A679-03;FW524;KM;NA;M,EA,0.0,9.0,0.0,4.0,0.0,5.0,
109,MFW0522-512,MF;A679-03;FW524;KM;NA;M,EA,0.0,7.0,0.0,3.0,0.0,4.0,
110,MFW0522-517,MF;A679-03;FW524;KM;NA;M,EA,0.0,10.0,0.0,6.0,0.0,4.0,
111,MFW0522-518,MF;A679-03;FW524;KM;NA;M,EA,0.0,11.0,0.0,16.0,0.0,1.0,
112,MFW0522-520,MF;A679-03;FW524;KM;NA;M,EA,0.0,1.0,0.0,1.0,0.0,0.0,
113,MFW0522-523,MF;A679-03;FW524;KM;NA;M,EA,0.0,1.0,0.0,1.0,0.0,0.0,
114,MFW0522-583,MF;A679-03;FW524;KM;NA;M,EA,0.0,13.0,0.0,10.0,0.0,3.0,
115,MFW0522-584,MF;A679-03;FW524;KM;NA;M,EA,0.0,10.0,0.0,10.0,0.0,0.0,
116,MFW0522-591,MF;A679-03;FW524;KM;NA;M,EA,0.0,8.0,0.0,8.0,0.0,0.0,
117,MFW0522-594,MF;A679-03;FW524;KM;NA;M,EA,0.0,3.0,0.0,3.0,0.0,0.0,
118,MFW0522-595,MF;A679-03;FW524;KM;NA;M,EA,0.0,26.0,0.0,25.0,1.0,0.0,TP dual-role (input cho TP khác)
119,MFW0522-721IN,MF;A679-03;FW524;KM;NA;M,EA,0.0,8.0,0.0,4.0,4.0,0.0,TP dual-role (input cho TP khác)
120,MFW0523-414,MF;A680-03;FW525;KM;NA;M,EA,0.0,5.0,0.0,4.0,0.0,1.0,
121,MFW0523-460,MF;A680-03;FW525;KM;NA;M,EA,0.0,32.0,0.0,22.0,0.0,10.0,
122,MFW0523-460ES,MF;A680-03;FW525;KM;NA;M,EA,0.0,3.0,0.0,3.0,0.0,0.0,
123,MFW0523-460IN,MF;A680-03;FW525;KM;NA;M,EA,0.0,3.0,0.0,3.0,0.0,0.0,
124,MFW0523-491,MF;A680-03;FW525;KM;NA;M,EA,0.0,3.0,0.0,3.0,0.0,0.0,
125,MFW0523-509,MF;A680-03;FW525;KM;NA;M,EA,0.0,5.0,0.0,2.0,0.0,3.0,
126,MFW0523-510,MF;A680-03;FW525;KM;NA;M,EA,0.0,50.0,0.0,42.0,8.0,3.0,TP dual-role (input cho TP khác)
127,MFW0523-512,MF;A680-03;FW525;KM;NA;M,EA,0.0,7.0,0.0,1.0,0.0,6.0,
128,MFW0523-517,MF;A680-03;FW525;KM;NA;M,EA,0.0,6.0,0.0,1.0,0.0,5.0,
129,MFW0523-518,MF;A680-03;FW525;KM;NA;M,EA,0.0,1.0,0.0,2.0,0.0,0.0,
130,MFW0523-523,MF;A680-03;FW525;KM;NA;M,EA,0.0,1.0,0.0,1.0,0.0,0.0,
131,MFW0523-583,MF;A680-03;FW525;KM;NA;M,EA,0.0,2.0,0.0,2.0,0.0,0.0,
132,MFW0523-594,MF;A680-03;FW525;KM;NA;M,EA,0.0,2.0,0.0,2.0,0.0,0.0,
133,MFW0523-595,MF;A680-03;FW525;KM;NA;M,EA,0.0,29.0,0.0,11.0,6.0,12.0,TP dual-role (input cho TP khác)
134,MFW0524-414,MF;A645-03;FW526;KM;NA;M,EA,0.0,10.0,0.0,5.0,0.0,5.0,
135,MFW0524-460,MF;A645-03;FW526;KM;NA;M,EA,0.0,9.0,0.0,8.0,0.0,1.0,
136,MFW0524-509,MF;A645-03;FW526;KM;NA;M,EA,0.0,7.0,0.0,5.0,0.0,2.0,
137,MFW0524-510,MF;A645-03;FW526;KM;NA;M,EA,0.0,12.0,0.0,8.0,0.0,4.0,
138,MFW0524-517,MF;A645-03;FW526;KM;NA;M,EA,0.0,5.0,0.0,1.0,0.0,4.0,
139,MFW0524-584,MF;A645-03;FW526;KM;NA;M,EA,0.0,2.0,0.0,2.0,0.0,0.0,
140,MFW0524-591,MF;A645-03;FW526;KM;NA;M,EA,0.0,4.0,0.0,4.0,0.0,0.0,
141,MFW0524-595,MF;A645-03;FW526;KM;NA;M,EA,0.0,10.0,0.0,10.0,0.0,0.0,
142,MFW0525-02,MF;A79-03;FW527;KM;NA;M,EA,0.0,12.0,0.0,12.0,0.0,0.0,
143,MFW0525-39,MF;A79-03;FW527;KM;NA;M,EA,0.0,13.0,0.0,12.0,0.0,1.0,
144,MFW0525-570,MF;A79-03;FW527;KM;NA;M,EA,0.0,1.0,0.0,1.0,0.0,0.0,
145,MFW0525-571,MF;A79-03;FW527;KM;NA;M,EA,0.0,124.0,0.0,104.0,1.0,7.0,TP dual-role (input cho TP khác)
146,MFW0525-575,MF;A79-03;FW527;KM;NA;M,EA,0.0,1.0,0.0,1.0,0.0,0.0,
147,MFW0525-597,MF;A79-03;FW527;KM;NA;M,EA,0.0,8.0,0.0,5.0,0.0,3.0,
148,MFW0526-02,MF;A80-03;FW528;KM;NA;M,EA,0.0,14.0,0.0,14.0,0.0,0.0,
149,MFW0526-39,MF;A80-03;FW528;KM;NA;M,EA,0.0,5.0,0.0,5.0,0.0,0.0,
150,MFW0526-571,MF;A80-03;FW528;KM;NA;M,EA,0.0,42.0,0.0,38.0,0.0,4.0,
151,MFW0526-571IN,MF;A80-03;FW528;KM;NA;M,EA,0.0,2.0,0.0,2.0,0.0,0.0,
152,MFW0526-597,MF;A80-03;FW528;KM;NA;M,EA,0.0,3.0,0.0,3.0,0.0,0.0,
153,MFW0527-02,MF;A45-03;FW529;KM;NA;M,EA,0.0,12.0,0.0,10.0,2.0,0.0,TP dual-role (input cho TP khác)
154,MFW0527-319,MF;A45-03;FW529;KM;NA;M,EA,0.0,2.0,0.0,1.0,0.0,1.0,
155,MFW0527-39,MF;A45-03;FW529;KM;NA;M,EA,0.0,1.0,0.0,1.0,0.0,0.0,
156,MFW0527-571,MF;A45-03;FW529;KM;NA;M,EA,0.0,14.0,0.0,13.0,1.0,0.0,TP dual-role (input cho TP khác)
157,MFW0527-597,MF;A45-03;FW529;KM;NA;M,EA,0.0,1.0,0.0,1.0,0.0,0.0,
158,MFW0534-252,MF;MG-A94-03;FW336K;KM;NA;M,EA,0.0,23.0,0.0,18.0,0.0,5.0,
159,MFW0534-256,MF;MG-A94-03;FW336K;KM;NA;M,EA,0.0,743.0,0.0,647.0,1.0,103.0,TP dual-role (input cho TP khác)
160,MFW0537-02,MF;GFTSTR;FW535;US;NA;M,EA,0.0,1.0,0.0,1.0,0.0,0.0,
161,MFW0537-319,MF;GFTSTR;FW535;US;NA;M,EA,0.0,2.0,0.0,2.0,0.0,0.0,
162,MFW0537-39,MF;GFTSTR;FW535;US;NA;M,EA,0.0,147.0,0.0,143.0,0.0,4.0,
163,MFW0537-717IN,MF;GFTSTR;FW535;US;NA;M,EA,0.0,7.0,0.0,3.0,0.0,4.0,
164,MFW0540-407,MF;MG-A94-03;FW336L;KM;NA;M,EA,0.0,150.0,0.0,134.0,0.0,8.0,
165,MFW0540-407ES,MF;MG-A94-03;FW336L;KM;NA;M,EA,0.0,6.0,0.0,3.0,0.0,3.0,
166,MFW0552-02,MF;A63C-03;FW223K;KM;NA;M,EA,0.0,20.0,0.0,20.0,0.0,0.0,
167,MFW0552-39,MF;A63C-03;FW223K;KM;NA;M,EA,0.0,20.0,0.0,20.0,0.0,0.0,
168,MFW0553-406,MF;A63C-03;FW223L;KM;NA;M,EA,0.0,13.0,0.0,13.0,0.0,0.0,
169,MFW0555-39,MF;A77-03;FW214K;KM;NA;M,EA,0.0,5.0,0.0,5.0,0.0,0.0,
170,MFW0556-02,MF;A96-03;FW229K;KM;NA;M,EA,0.0,15.0,0.0,15.0,0.0,0.0,
171,MFW0556-39,MF;A96-03;FW229K;KM;NA;M,EA,0.0,10.0,0.0,10.0,0.0,0.0,
172,MFW0557-17,MF;G1-FW161_9;FW161K;KM;NA;M,EA,0.0,8.0,0.0,8.0,0.0,0.0,
173,MFW0557-USA,MF;G1-FW161_9;FW161K;KM;NA;M,EA,0.0,23.0,0.0,23.0,0.0,0.0,
174,MFW0558-02,MF;MG-A62-05;FW224K;KM;NA;M,EA,0.0,34.0,0.0,25.0,9.0,0.0,TP dual-role (input cho TP khác)
175,MFW0558-39,MF;MG-A62-05;FW224K;KM;NA;M,EA,0.0,28.0,0.0,28.0,0.0,0.0,
176,MFW0559-406,MF;MG-A62-05 PF;FW224L;KM;NA;M,EA,0.0,62.0,0.0,19.0,43.0,0.0,TP dual-role (input cho TP khác)
177,MFW0560-39,MF;MG-A67B;FW232K;KM;NA;M,EA,0.0,16.0,0.0,16.0,0.0,0.0,
178,MFW0563-39,MF;MG-A87-05;FW216K;KM;NA;M,EA,0.0,10.0,0.0,10.0,0.0,0.0,
179,MFW0564-02,MF;MG-A97;FW337K;KM;NA;M,EA,0.0,23.0,0.0,23.0,0.0,0.0,
180,MFW0564-39,MF;MG-A97;FW337K;KM;NA;M,EA,0.0,60.0,0.0,40.0,20.0,0.0,TP dual-role (input cho TP khác)
181,MFW0565-02,MF;MG-A98;FW338K;KM;NA;M,EA,0.0,29.0,0.0,29.0,0.0,0.0,
182,MFW0565-39,MF;MG-A98;FW338K;KM;NA;M,EA,0.0,55.0,0.0,55.0,0.0,0.0,
183,MGM0996-34,MF;G7-S33-03;GM111K;KM;NA;M,EA,0.0,9.0,0.0,9.0,0.0,0.0,
184,MGM0996-USA,MF;G7-S33-03;GM111K;KM;NA;M,EA,0.0,19.0,0.0,16.0,0.0,3.0,
185,MGM0997-34,MF;G7-S34-03;GM112K;KM;NA;M,EA,0.0,18.0,0.0,18.0,0.0,0.0,
186,MGM0997-USA,MF;G7-S34-03;GM112K;KM;NA;M,EA,0.0,20.0,0.0,20.0,0.0,0.0,
187,MGM0998-34,MF;G7-S75-03;GM115K;KM;NA;M,EA,0.0,10.0,0.0,10.0,0.0,0.0,
188,MGM0998-USA,MF;G7-S75-03;GM115K;KM;NA;M,EA,0.0,20.0,0.0,11.0,0.0,9.0,
189,MGM0999-34,MF;G7-S77-03;GM116K;KM;NA;M,EA,0.0,1.0,0.0,1.0,0.0,0.0,
190,MGM0999-USA,MF;G7-S77-03;GM116K;KM;NA;M,EA,0.0,19.0,0.0,17.0,2.0,0.0,TP dual-role (input cho TP khác)
191,MGM1000-34,MF;G7-S23-03;GM117K;KM;NA;M,EA,0.0,3.0,0.0,2.0,0.0,1.0,
192,MGM1001-USA,MF;G7-S72-03;GM119K;KM;NA;M,EA,0.0,37.0,0.0,27.0,1.0,9.0,TP dual-role (input cho TP khác)
193,MGM1002-34,MF;G7-S74-03;GM120K;KM;NA;M,EA,0.0,10.0,0.0,10.0,0.0,0.0,
194,MGM1002-USA,MF;G7-S74-03;GM120K;KM;NA;M,EA,0.0,25.0,0.0,9.0,2.0,14.0,TP dual-role (input cho TP khác)
195,MGM1003-34,MF;G7-S55-03;GM121K;KM;NA;M,EA,0.0,11.0,0.0,10.0,1.0,0.0,TP dual-role (input cho TP khác)
196,MGM1004-34,MF;G7-S40-03;GM122K;KM;NA;M,EA,0.0,10.0,0.0,10.0,0.0,0.0,
197,MGM1004-USA,MF;G7-S40-03;GM122K;KM;NA;M,EA,0.0,10.0,0.0,7.0,3.0,0.0,TP dual-role (input cho TP khác)
198,MGM1005-34,MF;G7-S42-03;GM123K;KM;NA;M,EA,0.0,20.0,0.0,20.0,0.0,0.0,
199,MGM1005-USA,MF;G7-S42-03;GM123K;KM;NA;M,EA,0.0,9.0,0.0,9.0,0.0,0.0,
200,MGM1006-USA,MF;G7-S51-03;GM124K;KM;NA;M,EA,0.0,24.0,0.0,22.0,2.0,0.0,TP dual-role (input cho TP khác)
201,MGM1007-34,MF;G7-S52-03;GM126K;KM;NA;M,EA,0.0,26.0,0.0,22.0,4.0,0.0,TP dual-role (input cho TP khác)
202,MGM1007-USA,MF;G7-S52-03;GM126K;KM;NA;M,EA,0.0,28.0,0.0,28.0,0.0,0.0,
203,MGM1008-USA,MF;G7-S73-03;GM127K;KM;NA;M,EA,0.0,11.0,0.0,11.0,0.0,0.0,
204,MGM1009-34,MF;G7-S78-03;GM128K;KM;NA;M,EA,0.0,9.0,0.0,9.0,0.0,0.0,
205,MGM1009-USA,MF;G7-S78-03;GM128K;KM;NA;M,EA,0.0,49.0,0.0,24.0,19.0,6.0,TP dual-role (input cho TP khác)
206,MGM1010-34,MF;G7-S21-03;GM129K;KM;NA;M,EA,0.0,10.0,0.0,10.0,0.0,0.0,
207,MGM1010-USA,MF;G7-S21-03;GM129K;KM;NA;M,EA,0.0,19.0,0.0,16.0,3.0,0.0,TP dual-role (input cho TP khác)
208,MGM1011-34,MF;G7-S41-03;GM230K;KM;NA;M,EA,0.0,43.0,0.0,41.0,0.0,2.0,
209,MGM1011-USA,MF;G7-S41-03;GM230K;KM;NA;M,EA,0.0,15.0,0.0,8.0,7.0,0.0,TP dual-role (input cho TP khác)
210,MGM1012-34,MF;G7-S45-03;GM231K;KM;NA;M,EA,0.0,33.0,0.0,13.0,12.0,8.0,TP dual-role (input cho TP khác)
211,MGM1012-USA,MF;G7-S45-03;GM231K;KM;NA;M,EA,0.0,20.0,0.0,10.0,10.0,0.0,TP dual-role (input cho TP khác)
212,MGM1025-34,MF;G7-S13B-03;GM218L;KM;NA;M,EA,0.0,13.0,0.0,4.0,9.0,0.0,TP dual-role (input cho TP khác)
213,MGM1025-USA,MF;G7-S13B-03;GM218L;KM;NA;M,EA,0.0,9.0,0.0,9.0,0.0,0.0,
214,MGM1029-34,MF;G7-S21B-03;GM229L;KM;NA;M,EA,0.0,11.0,0.0,11.0,0.0,0.0,
215,MGM1029-USA,MF;G7-S21B-03;GM229L;KM;NA;M,EA,0.0,12.0,0.0,12.0,0.0,0.0,
216,MGM1030-406,MF;G7-S22;GM125M;KM;NA;M,EA,0.0,33.0,0.0,1.0,32.0,0.0,TP dual-role (input cho TP khác)
217,MGM1036-34,MF;G7-S23B-03;GM217L;KM;NA;M,EA,0.0,19.0,0.0,6.0,13.0,0.0,TP dual-role (input cho TP khác)
218,MGM1036-USA,MF;G7-S23B-03;GM217L;KM;NA;M,EA,0.0,11.0,0.0,9.0,2.0,0.0,TP dual-role (input cho TP khác)
219,MGM1040-USA,MF;G7-S33B-03;GM211L;KM;NA;M,EA,0.0,2.0,0.0,2.0,0.0,0.0,
220,MGM1042-406,MF;G7-S34-02;GM112M;KM;NA;M,EA,0.0,34.0,0.0,6.0,2.0,26.0,TP dual-role (input cho TP khác)
221,MGM1044-34,MF;G7-S34B-03;GM212L;KM;NA;M,EA,0.0,15.0,0.0,9.0,6.0,0.0,TP dual-role (input cho TP khác)
222,MGM1046-406,MF;G7-S40-02;GM122M;KM;NA;M,EA,0.0,42.0,0.0,3.0,0.0,39.0,
223,MGM1048-34,MF;G7-S40B-03;GM222L;KM;NA;M,EA,0.0,10.0,0.0,8.0,2.0,0.0,TP dual-role (input cho TP khác)
224,MGM1048-USA,MF;G7-S40B-03;GM222L;KM;NA;M,EA,0.0,14.0,0.0,12.0,0.0,2.0,
225,MGM1052-34,MF;G7-S41B-03;GM232L;KM;NA;M,EA,0.0,10.0,0.0,7.0,3.0,0.0,TP dual-role (input cho TP khác)
226,MGM1052-USA,MF;G7-S41B-03;GM232L;KM;NA;M,EA,0.0,11.0,0.0,9.0,0.0,2.0,
227,MGM1054-406,MF;G7-S42-02;GM123M;KM;NA;M,EA,0.0,50.0,0.0,44.0,1.0,5.0,TP dual-role (input cho TP khác)
228,MGM1056-USA,MF;G7-S42B-03;GM223L;KM;NA;M,EA,0.0,2.0,0.0,2.0,0.0,0.0,
229,MGM1058-406,MF;G7-S45;GM231M;KM;NA;M,EA,0.0,86.0,0.0,52.0,34.0,0.0,TP dual-role (input cho TP khác)
230,MGM1060-34,MF;G7-S45B-03;GM233L;KM;NA;M,EA,0.0,10.0,0.0,8.0,0.0,2.0,
231,MGM1064-USA,MF;G7-S51B-03;GM224L;KM;NA;M,EA,0.0,8.0,0.0,8.0,0.0,0.0,
232,MGM1066-406,MF;G7-S52-02;GM126M;KM;NA;M,EA,0.0,25.0,0.0,1.0,20.0,4.0,TP dual-role (input cho TP khác)
233,MGM1068-34,MF;G7-S52B-03;GM226L;KM;NA;M,EA,0.0,24.0,0.0,4.0,10.0,10.0,TP dual-role (input cho TP khác)
234,MGM1068-USA,MF;G7-S52B-03;GM226L;KM;NA;M,EA,0.0,20.0,0.0,10.0,10.0,0.0,TP dual-role (input cho TP khác)
235,MGM1072-USA,MF;G7-S55B-03;GM221L;KM;NA;M,EA,0.0,4.0,0.0,4.0,0.0,0.0,
236,MGM1073-406,MF;G7-S70-02;GM114M;KM;NA;M,EA,0.0,86.0,0.0,27.0,0.0,59.0,
237,MGM1075-34,MF;G7-S70B-03;GM214L;KM;NA;M,EA,0.0,10.0,0.0,10.0,0.0,0.0,
238,MGM1075-USA,MF;G7-S70B-03;GM214L;KM;NA;M,EA,0.0,10.0,0.0,9.0,1.0,0.0,TP dual-role (input cho TP khác)
239,MGM1079-34,MF;G7-S71B-03;GM213L;KM;NA;M,EA,0.0,1.0,0.0,1.0,0.0,0.0,
240,MGM1083-34,MF;G7-S72B-03;GM219L;KM;NA;M,EA,0.0,10.0,0.0,2.0,8.0,0.0,TP dual-role (input cho TP khác)
241,MGM1083-USA,MF;G7-S72B-03;GM219L;KM;NA;M,EA,0.0,10.0,0.0,2.0,8.0,0.0,TP dual-role (input cho TP khác)
242,MGM1085-406,MF;G7-S73-02;GM127M;KM;NA;M,EA,0.0,29.0,0.0,15.0,1.0,13.0,TP dual-role (input cho TP khác)
243,MGM1087-34,MF;G7-S73B-03;GM227L;KM;NA;M,EA,0.0,10.0,0.0,4.0,6.0,0.0,TP dual-role (input cho TP khác)
244,MGM1090-USA,MF;G7-S74B-03;GM220L;KM;NA;M,EA,0.0,8.0,0.0,8.0,0.0,0.0,
245,MGM1094-USA,MF;G7-S75B-03;GM215L;KM;NA;M,EA,0.0,10.0,0.0,10.0,0.0,0.0,
246,MGM1096-406,MF;G7-S77-02;GM116M;KM;NA;M,EA,0.0,49.0,0.0,24.0,3.0,22.0,TP dual-role (input cho TP khác)
247,MGM1098-34,MF;G7-S77B-03;GM216L;KM;NA;M,EA,0.0,9.0,0.0,3.0,3.0,3.0,TP dual-role (input cho TP khác)
248,MGM1098-USA,MF;G7-S77B-03;GM216L;KM;NA;M,EA,0.0,14.0,0.0,9.0,0.0,5.0,
249,MGM1100-406,MF;G7-S78-02;GM128M;KM;NA;M,EA,0.0,47.0,0.0,28.0,19.0,0.0,TP dual-role (input cho TP khác)
250,MGM1102-34,MF;G7-S78B-03;GM228L;KM;NA;M,EA,0.0,10.0,0.0,3.0,7.0,0.0,TP dual-role (input cho TP khác)
251,MGM1102-USA,MF;G7-S78B-03;GM228L;KM;NA;M,EA,0.0,4.0,0.0,4.0,0.0,0.0,
252,MGM1104-USA,MF;G7-S79B-03;GM264K;KM;NA;M,EA,0.0,5.0,0.0,5.0,0.0,0.0,
253,MGM1105-39,MF;VS-FTS18;GM106CKK;KM;NA;M,EA,0.0,183.0,0.0,183.0,0.0,0.0,
254,MGM1106-34,MF;VS-S13;GM59K;KM;NA;M,EA,0.0,53.0,0.0,41.0,12.0,0.0,TP dual-role (input cho TP khác)
255,MGM1106-USA,MF;VS-S13;GM59K;KM;NA;M,EA,0.0,60.0,0.0,53.0,0.0,7.0,
256,MGM1108-02,MF;VS-S131;GM100K;KM;NA;M,EA,0.0,49.0,0.0,49.0,0.0,0.0,
257,MGM1108-39,MF;VS-S131;GM100K;KM;NA;M,EA,0.0,52.0,0.0,52.0,0.0,0.0,
258,MGM1109-34,MF;VS-S22;GM70K;KM;NA;M,EA,0.0,10.0,0.0,10.0,0.0,0.0,
259,MGM1109-USA,MF;VS-S22;GM70K;KM;NA;M,EA,0.0,6.0,0.0,6.0,0.0,0.0,
260,MGM1110-34,MF;VS-S23;GM63K;KM;NA;M,EA,0.0,47.0,0.0,41.0,6.0,0.0,TP dual-role (input cho TP khác)
261,MGM1110-USA,MF;VS-S23;GM63K;KM;NA;M,EA,0.0,34.0,0.0,26.0,0.0,8.0,
262,MGM1112-34,MF;VS-S33;GM65K;KM;NA;M,EA,0.0,16.0,0.0,16.0,0.0,0.0,
263,MGM1112-USA,MF;VS-S33;GM65K;KM;NA;M,EA,0.0,16.0,0.0,18.0,0.0,0.0,
264,MGM1114-02,MF;VS-S331;GM101K;KM;NA;M,EA,0.0,4.0,0.0,2.0,2.0,0.0,TP dual-role (input cho TP khác)
265,MGM1114-08,MF;VS-S331;GM101K;KM;NA;M,EA,0.0,2.0,0.0,1.0,1.0,0.0,TP dual-role (input cho TP khác)
266,MGM1114-39,MF;VS-S331;GM101K;KM;NA;M,EA,0.0,13.0,0.0,10.0,3.0,0.0,TP dual-role (input cho TP khác)
267,MGM1115-34,MF;VS-S34;GM60K;KM;NA;M,EA,0.0,15.0,0.0,15.0,0.0,0.0,
268,MGM1115-USA,MF;VS-S34;GM60K;KM;NA;M,EA,0.0,10.0,0.0,10.0,0.0,0.0,
269,MGM1117-34,MF;VS-S40;GM67K;KM;NA;M,EA,0.0,16.0,0.0,15.0,1.0,0.0,TP dual-role (input cho TP khác)
270,MGM1117-USA,MF;VS-S40;GM67K;KM;NA;M,EA,0.0,42.0,0.0,30.0,1.0,9.0,TP dual-role (input cho TP khác)
271,MGM1119-02,MF;VS-S401;GM102K;KM;NA;M,EA,0.0,12.0,0.0,12.0,0.0,0.0,
272,MGM1119-39,MF;VS-S401;GM102K;KM;NA;M,EA,0.0,42.0,0.0,8.0,27.0,7.0,TP dual-role (input cho TP khác)
273,MGM1120-34,MF;VS-S42;GM66K;KM;NA;M,EA,0.0,36.0,0.0,29.0,0.0,7.0,
274,MGM1120-USA,MF;VS-S42;GM66K;KM;NA;M,EA,0.0,26.0,0.0,15.0,0.0,11.0,
275,MGM1122-34,MF;VS-S52;GM71K;KM;NA;M,EA,0.0,2.0,0.0,2.0,0.0,0.0,
276,MGM1123-34,MF;VS-S53;GM68K;KM;NA;M,EA,0.0,24.0,0.0,22.0,0.0,2.0,
277,MGM1123-USA,MF;VS-S53;GM68K;KM;NA;M,EA,0.0,26.0,0.0,12.0,0.0,14.0,
278,MGM1126-02,MF;VS-S531;GM103K;KM;NA;M,EA,0.0,5.0,0.0,5.0,0.0,0.0,
279,MGM1126-39,MF;VS-S531;GM103K;KM;NA;M,EA,0.0,8.0,0.0,8.0,0.0,0.0,
280,MGM1127-02,MF;VS-S601;GM104K;KM;NA;M,EA,0.0,27.0,0.0,27.0,0.0,0.0,
281,MGM1127-39,MF;VS-S601;GM104K;KM;NA;M,EA,0.0,40.0,0.0,40.0,0.0,0.0,
282,MGM1129-34,MF;VS-S70;GM64K;KM;NA;M,EA,0.0,51.0,0.0,45.0,6.0,0.0,TP dual-role (input cho TP khác)
283,MGM1129-USA,MF;VS-S70;GM64K;KM;NA;M,EA,0.0,92.0,0.0,89.0,3.0,0.0,TP dual-role (input cho TP khác)
284,MGM1131-34,MF;VS-S71;GM62K;KM;NA;M,EA,0.0,38.0,0.0,28.0,10.0,0.0,TP dual-role (input cho TP khác)
285,MGM1131-USA,MF;VS-S71;GM62K;KM;NA;M,EA,0.0,58.0,0.0,38.0,12.0,8.0,TP dual-role (input cho TP khác)
286,MGM1133-02,MF;VS-S711;GM105K;KM;NA;M,EA,0.0,31.0,0.0,27.0,4.0,0.0,TP dual-role (input cho TP khác)
287,MGM1133-39,MF;VS-S711;GM105K;KM;NA;M,EA,0.0,15.0,0.0,15.0,0.0,0.0,
288,MGM1134-34,MF;VS-S72;GM61K;KM;NA;M,EA,0.0,40.0,0.0,40.0,0.0,0.0,
289,MGM1134-USA,MF;VS-S72;GM61K;KM;NA;M,EA,0.0,54.0,0.0,54.0,0.0,0.0,
290,MGM1136-34,MF;VS-S74;GM69K;KM;NA;M,EA,0.0,36.0,0.0,30.0,6.0,0.0,TP dual-role (input cho TP khác)
291,MGM1136-USA,MF;VS-S74;GM69K;KM;NA;M,EA,0.0,12.0,0.0,6.0,6.0,0.0,TP dual-role (input cho TP khác)
292,MGM1137-406,MF;VS-S74 PF;GM69L;KM;NA;M,EA,0.0,82.0,0.0,40.0,42.0,0.0,TP dual-role (input cho TP khác)
293,MGM1138-34,MF;VS-S78-02;GM73K;KM;NA;M,EA,0.0,10.0,0.0,10.0,0.0,0.0,
294,MGM1139-252,MF;VS-VFT-03;GM106K;KM;NA;M,EA,0.0,80.0,0.0,80.0,0.0,0.0,
295,MGM1139-34,MF;VS-VFT-03;GM106K;KM;NA;M,EA,0.0,116.0,0.0,95.0,21.0,0.0,TP dual-role (input cho TP khác)
296,MGM1140-407,MF;VS-VFT-03;GM106L;KM;NA;M,EA,0.0,196.0,0.0,54.0,140.0,0.0,TP dual-role (input cho TP khác)
297,MGM1141-34,MF;G3-S10_02;GM02K;KM;NA;M,EA,0.0,20.0,0.0,15.0,0.0,5.0,
298,MGM1143-33,MF;G3S13_02;GM29K;KM;NA;M,EA,0.0,10.0,0.0,10.0,0.0,0.0,
299,MGM1145-34,MF;G3-S20_02;GM11K;KM;NA;M,EA,0.0,10.0,0.0,7.0,0.0,3.0,
300,MGM1146-34,MF;G3-S21_02;GM12K;KM;NA;M,EA,0.0,10.0,0.0,10.0,0.0,0.0,
301,MGM1148-33,MF;G3-S22-03;GM237K;KM;NA;M,EA,0.0,27.0,0.0,27.0,0.0,0.0,
302,MGM1152-33,MF;G3-S30-03;GM234K;KM;NA;M,EA,0.0,9.0,0.0,9.0,0.0,0.0,
303,MGM1152-34,MF;G3-S30-03;GM234K;KM;NA;M,EA,0.0,2.0,0.0,2.0,0.0,0.0,
304,MGM1155-33,MF;G3-S34_02;GM28K;KM;NA;M,EA,0.0,7.0,0.0,7.0,0.0,0.0,
305,MGM1157-34,MF;G3-S40_02;GM14K;KM;NA;M,EA,0.0,10.0,0.0,10.0,0.0,0.0,
306,MGM1158-34,MF;G3-S42_02;GM13K;KM;NA;M,EA,0.0,18.0,0.0,18.0,0.0,0.0,
307,MGM1162-33,MF;G3-S52_7;GM03K;KM;NA;M,EA,0.0,5.0,0.0,5.0,0.0,0.0,
308,MGM1165-34,MF;G3-S60-03;GM239K;KM;NA;M,EA,0.0,6.0,0.0,6.0,0.0,0.0,
309,MGM1166-33,MF;G3S70-02;GM10K;KM;NA;M,EA,0.0,37.0,0.0,21.0,7.0,9.0,TP dual-role (input cho TP khác)
310,MGM1166-34,MF;G3S70-02;GM10K;KM;NA;M,EA,0.0,7.0,0.0,7.0,0.0,0.0,
311,MGM1167-33,MF;G3-S71-03;GM235K;KM;NA;M,EA,0.0,5.0,0.0,5.0,0.0,0.0,
312,MGM1167-34,MF;G3-S71-03;GM235K;KM;NA;M,EA,0.0,5.0,0.0,4.0,0.0,1.0,
313,MGM1168-34,MF;G3-S72-03;GM236K;KM;NA;M,EA,0.0,6.0,0.0,6.0,0.0,0.0,
314,MGM1170-34,MF;G3-S74_7;GM17K;KM;NA;M,EA,0.0,20.0,0.0,20.0,0.0,0.0,
315,MGM1171-34,MF;G3-S75_7;GM18K;KM;NA;M,EA,0.0,10.0,0.0,10.0,0.0,0.0,
316,MGM1173-33,MF;G3-S77_7;GM19K;KM;NA;M,EA,0.0,5.0,0.0,5.0,0.0,0.0,
317,MGM1176-252,MF;GO-S23;GM136K;KM;NA;M,EA,0.0,10.0,0.0,10.0,0.0,0.0,
318,MGM1178-252,MF;GO-S34;GM138K;KM;NA;M,EA,0.0,7.0,0.0,7.0,0.0,0.0,
319,MGM1184-252,MF;GO-S72 ;GM144K;KM;NA;M,EA,0.0,9.0,0.0,9.0,0.0,0.0,
320,MGM1185-252,MF;MD-AP;MS26K;KM;NA;M,EA,0.0,13.0,0.0,13.0,0.0,0.0,
321,MGM1186-252,MF;MD-S70;GM108K;KM;NA;M,EA,0.0,18.0,0.0,18.0,0.0,0.0,
322,MGM1187-252,MF;MD-S711;GM107K;KM;NA;M,EA,0.0,5.0,0.0,5.0,0.0,0.0,
323,MGM1199-406,MF;G7-S33-03;GM111N;KM;NA;M,EA,0.0,30.0,0.0,12.0,14.0,4.0,TP dual-role (input cho TP khác)
324,MGM1200-406,MF;G7-S77-03;GM116N;KM;NA;M,EA,0.0,29.0,0.0,27.0,2.0,0.0,TP dual-role (input cho TP khác)
325,MGM1202-406,MF;G7-S51-03;GM124N;KM;NA;M,EA,0.0,7.0,0.0,7.0,0.0,0.0,
326,MGM1203-406,MF;G7-S22-03;GM125N;KM;NA;M,EA,0.0,32.0,0.0,32.0,0.0,0.0,
327,MGM1204-406,MF;G7-S78-03;GM128N;KM;NA;M,EA,0.0,9.0,0.0,7.0,2.0,0.0,TP dual-role (input cho TP khác)
328,MGM1205-406,MF;G7-S21-03;GM129N;KM;NA;M,EA,0.0,15.0,0.0,13.0,2.0,0.0,TP dual-role (input cho TP khác)
329,MGM1207-406,MF;G7-S72-03;GM119N;KM;NA;M,EA,0.0,8.0,0.0,8.0,0.0,0.0,
330,MGM1208-406,MF;G7-S55-03;GM121N;KM;NA;M,EA,0.0,23.0,0.0,22.0,1.0,0.0,TP dual-role (input cho TP khác)
331,MGM1210-406,MF;G7-S52-03;GM126N;KM;NA;M,EA,0.0,52.0,0.0,32.0,20.0,0.0,TP dual-role (input cho TP khác)
332,MGM1211-406,MF;G7-S73-03;GM127N;KM;NA;M,EA,0.0,14.0,0.0,13.0,1.0,0.0,TP dual-role (input cho TP khác)
333,MGM1212-406,MF;G7-S45-03;GM231N;KM;NA;M,EA,0.0,40.0,0.0,40.0,0.0,0.0,
334,MGM1213-406,MF;G7-S34-03;GM112N;KM;NA;M,EA,0.0,9.0,0.0,9.0,0.0,0.0,
335,MGM1214-406,MF;G7-S71-03;GM113N;KM;NA;M,EA,0.0,8.0,0.0,8.0,0.0,0.0,
336,MGM1218-406,MF;G7-S42-03;GM123N;KM;NA;M,EA,0.0,4.0,0.0,4.0,0.0,0.0,
337,MGM1219-406,MF;G7-S41-03;GM230N;KM;NA;M,EA,0.0,31.0,0.0,31.0,0.0,0.0,
338,MGM1282-34,MF;G7-S13-03;GM118R;KM;NA;M,EA,0.0,40.0,0.0,12.0,0.0,28.0,
339,MGM1282-USA,MF;G7-S13-03;GM118R;KM;NA;M,EA,0.0,25.0,0.0,24.0,0.0,0.0,
340,MGM1282-USE,MF;G7-S13-03;GM118R;KM;NA;M,EA,0.0,3.0,0.0,2.0,0.0,1.0,
341,MGM1283-34,MF;G7-S71-03;GM113R;KM;NA;M,EA,0.0,40.0,0.0,30.0,0.0,10.0,
342,MGM1283-USA,MF;G7-S71-03;GM113R;KM;NA;M,EA,0.0,15.0,0.0,15.0,0.0,0.0,
343,MGM1283-USE,MF;G7-S71-03;GM113R;KM;NA;M,EA,0.0,7.0,0.0,2.0,0.0,5.0,
344,MGM1284-34,MF;G7-S70-03;GM114R;KM;NA;M,EA,0.0,36.0,0.0,35.0,0.0,1.0,
345,MGM1284-USA,MF;G7-S70-03;GM114R;KM;NA;M,EA,0.0,18.0,0.0,18.0,0.0,0.0,
346,MGM1284-USE,MF;G7-S70-03;GM114R;KM;NA;M,EA,0.0,5.0,0.0,3.0,1.0,1.0,TP dual-role (input cho TP khác)
347,MGM1285-34,MF;G7-S22-03;GM125R;KM;NA;M,EA,0.0,38.0,0.0,35.0,0.0,3.0,
348,MGM1285-USA,MF;G7-S22-03;GM125R;KM;NA;M,EA,0.0,13.0,0.0,13.0,0.0,0.0,
349,MGM1285-USE,MF;G7-S22-03;GM125R;KM;NA;M,EA,0.0,1.0,0.0,1.0,0.0,0.0,
350,MGM1286-34,MF;G7-S33-03;GM111S;KM;NA;M,EA,0.0,28.0,0.0,26.0,0.0,2.0,
351,MGM1286-USA,MF;G7-S33-03;GM111S;KM;NA;M,EA,0.0,15.0,0.0,15.0,0.0,0.0,
352,MGM1286-USE,MF;G7-S33-03;GM111S;KM;NA;M,EA,0.0,2.0,0.0,2.0,0.0,0.0,
353,MGM1287-34,MF;G7-S34-03;GM112S;KM;NA;M,EA,0.0,30.0,0.0,25.0,0.0,6.0,
354,MGM1287-USA,MF;G7-S34-03;GM112S;KM;NA;M,EA,0.0,4.0,0.0,4.0,0.0,0.0,
355,MGM1287-USE,MF;G7-S34-03;GM112S;KM;NA;M,EA,0.0,1.0,0.0,1.0,0.0,0.0,
356,MGM1288-34,MF;G7-S75-03;GM115S;KM;NA;M,EA,0.0,28.0,0.0,18.0,0.0,10.0,
357,MGM1288-USE,MF;G7-S75-03;GM115S;KM;NA;M,EA,0.0,1.0,0.0,1.0,0.0,0.0,
358,MGM1289-34,MF;G7-S77-03;GM116S;KM;NA;M,EA,0.0,26.0,0.0,9.0,0.0,17.0,
359,MGM1289-USA,MF;G7-S77-03;GM116S;KM;NA;M,EA,0.0,13.0,0.0,3.0,0.0,10.0,
360,MGM1290-34,MF;G7-S23-03;GM117S;KM;NA;M,EA,0.0,48.0,0.0,39.0,0.0,9.0,
361,MGM1290-USA,MF;G7-S23-03;GM117S;KM;NA;M,EA,0.0,20.0,0.0,8.0,0.0,12.0,
362,MGM1290-USE,MF;G7-S23-03;GM117S;KM;NA;M,EA,0.0,2.0,0.0,2.0,0.0,0.0,
363,MGM1291-34,MF;G7-S72-03;GM119S;KM;NA;M,EA,0.0,58.0,0.0,55.0,0.0,3.0,
364,MGM1291-USA,MF;G7-S72-03;GM119S;KM;NA;M,EA,0.0,22.0,0.0,21.0,0.0,1.0,
365,MGM1291-USE,MF;G7-S72-03;GM119S;KM;NA;M,EA,0.0,2.0,0.0,2.0,0.0,0.0,
366,MGM1292-34,MF;G7-S74-03;GM120S;KM;NA;M,EA,0.0,20.0,0.0,19.0,0.0,1.0,
367,MGM1292-USA,MF;G7-S74-03;GM120S;KM;NA;M,EA,0.0,2.0,0.0,2.0,0.0,0.0,
368,MGM1292-USE,MF;G7-S74-03;GM120S;KM;NA;M,EA,0.0,1.0,0.0,1.0,0.0,0.0,
369,MGM1293-34,MF;G7-S55-03;GM121S;KM;NA;M,EA,0.0,26.0,0.0,16.0,0.0,10.0,
370,MGM1293-USA,MF;G7-S55-03;GM121S;KM;NA;M,EA,0.0,11.0,0.0,11.0,0.0,0.0,
371,MGM1293-USE,MF;G7-S55-03;GM121S;KM;NA;M,EA,0.0,2.0,0.0,1.0,0.0,1.0,
372,MGM1294-34,MF;G7-S40-03;GM122S;KM;NA;M,EA,0.0,20.0,0.0,18.0,0.0,2.0,
373,MGM1294-USA,MF;G7-S40-03;GM122S;KM;NA;M,EA,0.0,7.0,0.0,4.0,0.0,3.0,
374,MGM1294-USE,MF;G7-S40-03;GM122S;KM;NA;M,EA,0.0,1.0,0.0,1.0,0.0,0.0,
375,MGM1295-34,MF;G7-S42-03;GM123S;KM;NA;M,EA,0.0,50.0,0.0,11.0,0.0,39.0,
376,MGM1295-USA,MF;G7-S42-03;GM123S;KM;NA;M,EA,0.0,12.0,0.0,12.0,0.0,0.0,
377,MGM1295-USE,MF;G7-S42-03;GM123S;KM;NA;M,EA,0.0,1.0,0.0,1.0,0.0,0.0,
378,MGM1296-34,MF;G7-S51-03;GM124S;KM;NA;M,EA,0.0,37.0,0.0,26.0,0.0,11.0,
379,MGM1296-USA,MF;G7-S51-03;GM124S;KM;NA;M,EA,0.0,23.0,0.0,8.0,8.0,7.0,TP dual-role (input cho TP khác)
380,MGM1296-USE,MF;G7-S51-03;GM124S;KM;NA;M,EA,0.0,1.0,0.0,1.0,0.0,0.0,
381,MGM1297-34,MF;G7-S52-03;GM126S;KM;NA;M,EA,0.0,19.0,0.0,16.0,0.0,3.0,
382,MGM1297-USA,MF;G7-S52-03;GM126S;KM;NA;M,EA,0.0,3.0,0.0,3.0,0.0,0.0,
383,MGM1298-34,MF;G7-S73-03;GM127S;KM;NA;M,EA,0.0,18.0,0.0,15.0,0.0,3.0,
384,MGM1298-USA,MF;G7-S73-03;GM127S;KM;NA;M,EA,0.0,3.0,0.0,3.0,0.0,0.0,
385,MGM1298-USE,MF;G7-S73-03;GM127S;KM;NA;M,EA,0.0,1.0,0.0,1.0,0.0,0.0,
386,MGM1299-34,MF;G7-S78-03;GM128S;KM;NA;M,EA,0.0,14.0,0.0,14.0,0.0,0.0,
387,MGM1299-USA,MF;G7-S78-03;GM128S;KM;NA;M,EA,0.0,25.0,0.0,5.0,0.0,20.0,
388,MGM1300-34,MF;G7-S21-03;GM129S;KM;NA;M,EA,0.0,42.0,0.0,25.0,0.0,17.0,
389,MGM1300-USA,MF;G7-S21-03;GM129S;KM;NA;M,EA,0.0,16.0,0.0,5.0,0.0,11.0,
390,MGM1301-USA,MF;G7-S41-03;GM230S;KM;NA;M,EA,0.0,18.0,0.0,11.0,0.0,7.0,
391,MGM1301-USE,MF;G7-S41-03;GM230S;KM;NA;M,EA,0.0,1.0,0.0,1.0,0.0,0.0,
392,MGM1302-34,MF;G7-S45-03;GM231S;KM;NA;M,EA,0.0,18.0,0.0,18.0,0.0,0.0,
393,MGM1302-USA,MF;G7-S45-03;GM231S;KM;NA;M,EA,0.0,8.0,0.0,5.0,0.0,3.0,
394,MGM1303-34,MF;G7-S79-03;GM263Q;KM;NA;M,EA,0.0,15.0,0.0,11.0,0.0,4.0,
395,MGM1303-USA,MF;G7-S79-03;GM263Q;KM;NA;M,EA,0.0,6.0,0.0,6.0,0.0,0.0,
396,MGM1303-USE,MF;G7-S79-03;GM263Q;KM;NA;M,EA,0.0,2.0,0.0,2.0,0.0,0.0,
397,MGM1304-406,MF;G7-S78-03;GM128T;KM;NA;M,EA,0.0,55.0,0.0,54.0,0.0,1.0,
398,MGM1305-406,MF;G7-S42-03;GM123T;KM;NA;M,EA,0.0,27.0,0.0,24.0,0.0,3.0,
399,MGM1306-406,MF;G7-S51-03;GM124T;KM;NA;M,EA,0.0,20.0,0.0,12.0,0.0,8.0,
400,MGM1306-406USY,MF;G7-S51-03;GM124T;KM;NA;M,EA,0.0,30.0,0.0,25.0,0.0,5.0,
401,MGM1307-406,MF;G7-S21-03;GM129T;KM;NA;M,EA,0.0,11.0,0.0,11.0,0.0,0.0,
402,MGM1308-406,MF;G7-S73-03;GM127T;KM;NA;M,EA,0.0,223.0,0.0,222.0,0.0,1.0,
403,MGM1309-406,MF;G7-S70-03;GM114S;KM;NA;M,EA,0.0,33.0,0.0,33.0,0.0,0.0,
404,MGM1309-406USY,MF;G7-S70-03;GM114S;KM;NA;M,EA,0.0,64.0,0.0,30.0,0.0,34.0,
405,MGM1310-406,MF;G7-S55-03;GM121T;KM;NA;M,EA,0.0,60.0,0.0,54.0,0.0,6.0,
406,MGM1311-406,MF;G7-S77-03;GM116T;KM;NA;M,EA,0.0,24.0,0.0,18.0,0.0,6.0,
407,MGM1312-406,MF;G7-S34-03;GM112T;KM;NA;M,EA,0.0,110.0,0.0,41.0,3.0,66.0,TP dual-role (input cho TP khác)
408,MGM1312-406USY,MF;G7-S34-03;GM112T;KM;NA;M,EA,0.0,3.0,0.0,3.0,0.0,0.0,
409,MGM1313-406,MF;G7-S45-03;GM231T;KM;NA;M,EA,0.0,14.0,0.0,13.0,0.0,1.0,
410,MGM1314-406,MF;G7-S71-03;GM113S;KM;NA;M,EA,0.0,31.0,0.0,23.0,0.0,8.0,
411,MGM1314-406USY,MF;G7-S71-03;GM113S;KM;NA;M,EA,0.0,22.0,0.0,22.0,0.0,0.0,
412,MGM1315-406,MF;G7-S41-03;GM230T;KM;NA;M,EA,0.0,58.0,0.0,56.0,0.0,2.0,
413,MGM1316-406,MF;G7-S40-03;GM122T;KM;NA;M,EA,0.0,60.0,0.0,20.0,0.0,40.0,
414,MGM1317-406,MF;G7-S13-03;GM118S;KM;NA;M,EA,0.0,16.0,0.0,16.0,0.0,0.0,
415,MGM1317-406USY,MF;G7-S13-03;GM118S;KM;NA;M,EA,0.0,7.0,0.0,6.0,0.0,1.0,
416,MGM1318-406,MF;G7-S52-03;GM126T;KM;NA;M,EA,0.0,75.0,0.0,64.0,0.0,11.0,
417,MGM1319-USA,MF;G7-S52B-03;GM226M;KM;NA;M,EA,0.0,2.0,0.0,2.0,0.0,0.0,
418,MGM1321-406,MF;G7-S22-03;GM125S;KM;NA;M,EA,0.0,101.0,0.0,82.0,16.0,3.0,TP dual-role (input cho TP khác)
419,MGM1322-406,MF;G7-S33-03;GM111T;KM;NA;M,EA,0.0,92.0,0.0,32.0,13.0,47.0,TP dual-role (input cho TP khác)
420,MGM1322-406USY,MF;G7-S33-03;GM111T;KM;NA;M,EA,0.0,13.0,0.0,13.0,0.0,0.0,
421,MGM1325-406,MF;G7-S23-03;GM117T;KM;NA;M,EA,0.0,20.0,0.0,7.0,0.0,13.0,
422,MGM1325-406USY,MF;G7-S23-03;GM117T;KM;NA;M,EA,0.0,15.0,0.0,11.0,0.0,4.0,
423,MGM1326-406,MF;G7-S72-03;GM119T;KM;NA;M,EA,0.0,15.0,0.0,8.0,1.0,6.0,TP dual-role (input cho TP khác)
424,MGM1326-406USY,MF;G7-S72-03;GM119T;KM;NA;M,EA,0.0,2.0,0.0,1.0,1.0,0.0,TP dual-role (input cho TP khác)
425,MGM1329-34,MF;G7-S23B-03;GM217M;KM;NA;M,EA,0.0,14.0,0.0,11.0,0.0,3.0,
426,MGM1329-USA,MF;G7-S23B-03;GM217M;KM;NA;M,EA,0.0,9.0,0.0,7.0,0.0,2.0,
427,MGM1330-34,MF;G7-S33B-03;GM211M;KM;NA;M,EA,0.0,11.0,0.0,11.0,0.0,0.0,
428,MGM1332-USA,MF;G7-S79B-03;GM264L;KM;NA;M,EA,0.0,11.0,0.0,11.0,0.0,0.0,
429,MGM1333-34,MF;G7-S78B-03;GM228M;KM;NA;M,EA,0.0,11.0,0.0,11.0,0.0,0.0,
430,MGM1333-USA,MF;G7-S78B-03;GM228M;KM;NA;M,EA,0.0,3.0,0.0,3.0,0.0,0.0,
431,MGM1334-34,MF;G7-S77B-03;GM216M;KM;NA;M,EA,0.0,3.0,0.0,3.0,0.0,0.0,
432,MGM1335-USA,MF;G7-S75B-03;GM215M;KM;NA;M,EA,0.0,8.0,0.0,6.0,0.0,2.0,
433,MGM1337-USA,MF;G7-S74B-03;GM220M;KM;NA;M,EA,0.0,6.0,0.0,6.0,0.0,0.0,
434,MGM1338-34,MF;G7-S73B-03;GM227M;KM;NA;M,EA,0.0,19.0,0.0,13.0,0.0,6.0,
435,MGM1338-USA,MF;G7-S73B-03;GM227M;KM;NA;M,EA,0.0,8.0,0.0,5.0,0.0,3.0,
436,MGM1339-34,MF;G7-S72B-03;GM219M;KM;NA;M,EA,0.0,30.0,0.0,11.0,0.0,19.0,
437,MGM1339-USA,MF;G7-S72B-03;GM219M;KM;NA;M,EA,0.0,24.0,0.0,16.0,0.0,8.0,
438,MGM1341-34,MF;G7-S71B-03;GM213M;KM;NA;M,EA,0.0,16.0,0.0,15.0,0.0,1.0,
439,MGM1341-USA,MF;G7-S71B-03;GM213M;KM;NA;M,EA,0.0,6.0,0.0,6.0,0.0,0.0,
440,MGM1342-34,MF;G7-S70B-03;GM214M;KM;NA;M,EA,0.0,23.0,0.0,23.0,0.0,0.0,
441,MGM1342-USA,MF;G7-S70B-03;GM214M;KM;NA;M,EA,0.0,17.0,0.0,12.0,0.0,5.0,
442,MGM1345-34,MF;G7-S51B-03;GM224M;KM;NA;M,EA,0.0,17.0,0.0,12.0,0.0,5.0,
443,MGM1345-USA,MF;G7-S51B-03;GM224M;KM;NA;M,EA,0.0,7.0,0.0,7.0,0.0,0.0,
444,MGM1348-34,MF;G7-S42B-03;GM223M;KM;NA;M,EA,0.0,9.0,0.0,9.0,0.0,0.0,
445,MGM1348-USA,MF;G7-S42B-03;GM223M;KM;NA;M,EA,0.0,5.0,0.0,5.0,0.0,0.0,
446,MGM1349-34,MF;G7-S41B-03;GM232M;KM;NA;M,EA,0.0,3.0,0.0,3.0,0.0,0.0,
447,MGM1350-34,MF;G7-S40B-03;GM222M;KM;NA;M,EA,0.0,10.0,0.0,5.0,0.0,5.0,
448,MGM1351-34,MF;G7-S34B-03;GM212M;KM;NA;M,EA,0.0,20.0,0.0,14.0,0.0,6.0,
449,MGM1351-USA,MF;G7-S34B-03;GM212M;KM;NA;M,EA,0.0,4.0,0.0,4.0,0.0,0.0,
450,MGM1354-34,MF;G7-S22B-03;GM225M;KM;NA;M,EA,0.0,19.0,0.0,18.0,0.0,1.0,
451,MGM1354-USA,MF;G7-S22B-03;GM225M;KM;NA;M,EA,0.0,7.0,0.0,7.0,0.0,0.0,
452,MGM1355-34,MF;G7-S21B-03;GM229M;KM;NA;M,EA,0.0,5.0,0.0,4.0,0.0,1.0,
453,MGM1355-USA,MF;G7-S21B-03;GM229M;KM;NA;M,EA,0.0,2.0,0.0,2.0,0.0,0.0,
454,MGM1356-34,MF;G7-S13B-03;GM218M;KM;NA;M,EA,0.0,29.0,0.0,20.0,0.0,9.0,
455,MGM1356-USA,MF;G7-S13B-03;GM218M;KM;NA;M,EA,0.0,13.0,0.0,10.0,0.0,3.0,
456,MGM1357-102,MF;G7-S79-03-OE;GM263S;KM;NA;M,EA,0.0,1.0,0.0,1.0,0.0,0.0,
457,MGM1360-102,MF;G7-S75-03-OE;GM115V;KM;NA;M,EA,0.0,1.0,0.0,1.0,0.0,0.0,
458,MGM1361-102,MF;G7-S74-03-OE;GM120U;KM;NA;M,EA,0.0,1.0,0.0,1.0,0.0,0.0,
459,MGM1363-102,MF;G7-S72-03-OE;GM119V;KM;NA;M,EA,0.0,3.0,0.0,2.0,0.0,1.0,
460,MGM1364-102,MF;G7-S71-03-OE;GM113T;KM;NA;M,EA,0.0,7.0,0.0,3.0,0.0,4.0,
461,MGM1365-102,MF;G7-S70-03-OE;GM114T;KM;NA;M,EA,0.0,7.0,0.0,5.0,0.0,2.0,
462,MGM1367-102,MF;G7-S52-03-OE;GM126V;KM;NA;M,EA,0.0,2.0,0.0,1.0,0.0,1.0,
463,MGM1368-102,MF;G7-S51-03-OE;GM124U;KM;NA;M,EA,0.0,2.0,0.0,1.0,0.0,1.0,
464,MGM1375-102,MF;G7-S23-03-OE;GM117V;KM;NA;M,EA,0.0,1.0,0.0,1.0,0.0,0.0,
465,MGM1376-102,MF;G7-S22-03-OE;GM125T;KM;NA;M,EA,0.0,2.0,0.0,1.0,0.0,1.0,
466,MGM1378-102,MF;G7-S13-03-OE;GM118T;KM;NA;M,EA,0.0,5.0,0.0,2.0,0.0,3.0,
467,MGT0026-256,MF;GFTEDG;GT17K;KM;NA;M,EA,0.0,30.0,0.0,30.0,0.0,0.0,
468,MGT0027-403,MF;GFTEDG-PF;GT17L;KM;NA;M,EA,0.0,5.0,0.0,5.0,0.0,0.0,
469,MGT0028-256,MF;GFTFT;GT19K;KM;NA;M,EA,0.0,8.0,0.0,8.0,0.0,0.0,
470,MGT0029-403,MF;GFTFT-PF;PGT19L;KM;NA;M,EA,0.0,26.0,0.0,23.0,3.0,0.0,TP dual-role (input cho TP khác)
471,MGT0032-39,MF;GFTORG;PGT09K;KM;NA;M,EA,0.0,54.0,0.0,53.0,1.0,0.0,TP dual-role (input cho TP khác)
472,MGT0033-403,MF;GFTORG;PGT09L;KM;NA;M,EA,0.0,24.0,0.0,15.0,9.0,0.0,TP dual-role (input cho TP khác)
473,MGT0034-39,MF;GFT3S;GT05K;KM;NA;M,EA,0.0,15.0,0.0,15.0,0.0,0.0,
474,MGT0036-256,MF;GFTCRST;GT21K;KM;NA;M,EA,0.0,20.0,0.0,5.0,0.0,15.0,
475,MMS0195-34,MF;G3-MS20-03;MS20L-US;KM;NA;M,EA,0.0,5.0,0.0,5.0,0.0,0.0,
476,MMS0196-33,MF;G3-MS20AFT;MS20M;KM;NA;M,EA,0.0,20.0,0.0,20.0,0.0,0.0,
477,MMS0197-33,MF;G3-MS24-03;MS24K-US;US;NA;M,EA,0.0,35.0,0.0,35.0,0.0,0.0,
478,MMS0197-34,MF;G3-MS24-03;MS24K-US;US;NA;M,EA,0.0,107.0,0.0,107.0,0.0,0.0,
479,MMS0197-97,MF;G3-MS24-03;MS24K-US;US;NA;M,EA,0.0,4.0,0.0,4.0,0.0,0.0,
480,MMS0199-17,MF;G3-MS53-02;MS53K;KM;NA;M,EA,0.0,85.0,0.0,85.0,0.0,0.0,
481,MMS0199-24,MF;G3-MS53-02;MS53K;KM;NA;M,EA,0.0,19.0,0.0,19.0,0.0,0.0,
482,MMS0201-406,MF;G3-MS40-03;MS40M;KM;NA;M,EA,0.0,39.0,0.0,34.0,4.0,1.0,TP dual-role (input cho TP khác)
483,MMS0203-406,MF;G3-MS40-03;MS40M-PFC;KM;NA;M,EA,0.0,22.0,0.0,16.0,5.0,0.0,TP dual-role (input cho TP khác)
484,MMS0204-02,MF;G3MSFT3P;MS10K;KM;NA;M,EA,0.0,16.0,0.0,16.0,0.0,0.0,
485,MMS0204-08,MF;G3MSFT3P;MS10K;KM;NA;M,EA,0.0,1.0,0.0,1.0,0.0,0.0,
486,MMS0205-02,MF;G3MSFT4P;MS11K;KM;M;,EA,0.0,22.0,0.0,22.0,0.0,0.0,
487,MMS0205-08,MF;G3MSFT4P;MS11K;KM;M;,EA,0.0,4.0,0.0,2.0,2.0,0.0,TP dual-role (input cho TP khác)
488,MMS0205-39,MF;G3MSFT4P;MS11K;KM;M;,EA,0.0,2.0,0.0,2.0,0.0,0.0,
489,MMS0209-17,MF;G3-MS51-03;MS51K;KM;NA;M,EA,0.0,13.0,0.0,13.0,0.0,0.0,
490,MMS0211-17,MF;G3-MS52-02;MS52K;KM;NA;M,EA,0.0,109.0,0.0,95.0,12.0,2.0,TP dual-role (input cho TP khác)
491,MMS0211-24,MF;G3-MS52-02;MS52K;KM;NA;M,EA,0.0,12.0,0.0,10.0,2.0,0.0,TP dual-role (input cho TP khác)
492,MMS0216-406,MF;G3-MS51-03;MS51M;KM;NA;M,EA,0.0,15.0,0.0,5.0,0.0,10.0,
493,MMS0217-406,MF;G3-MS52-02;MS52M;KM;NA;M,EA,0.0,15.0,0.0,10.0,0.0,5.0,
494,MMS0218-406,MF;G3-MS53-02;MS53M;KM;NA;M,EA,0.0,15.0,0.0,15.0,0.0,0.0,
495,MPL0101-02,MF;MG-PL13-03;PL220K;KM;NA;M,EA,0.0,19.0,0.0,15.0,0.0,4.0,
496,MPL0101-324,MF;MG-PL13-03;PL220K;KM;NA;M,EA,0.0,1.0,0.0,1.0,0.0,0.0,
497,MPL0101-39,MF;MG-PL13-03;PL220K;KM;NA;M,EA,0.0,203.0,0.0,186.0,1.0,16.0,TP dual-role (input cho TP khác)
498,MPL0101-39IN,MF;MG-PL13-03;PL220K;KM;NA;M,EA,0.0,2.0,0.0,2.0,0.0,0.0,
499,MPL0101-39JP,MF;MG-PL13-03;PL220K;KM;NA;M,EA,0.0,6.0,0.0,1.0,0.0,5.0,
500,MPL0101-39PT,MF;MG-PL13-03;PL220K;KM;NA;M,EA,0.0,16.0,0.0,16.0,0.0,0.0,
501,MPL0101-57,MF;MG-PL13-03;PL220K;KM;NA;M,EA,0.0,5.0,0.0,5.0,0.0,0.0,
502,MPL0107-02,MF;MG-PL50-03;PL50K;KM;NA;M,EA,0.0,1.0,0.0,1.0,0.0,0.0,
503,MPL0107-02JP,MF;MG-PL50-03;PL50K;KM;NA;M,EA,0.0,1.0,0.0,1.0,0.0,0.0,
504,MPL0107-39,MF;MG-PL50-03;PL50K;KM;NA;M,EA,0.0,92.0,0.0,90.0,2.0,0.0,TP dual-role (input cho TP khác)
505,MPL0107-39IN,MF;MG-PL50-03;PL50K;KM;NA;M,EA,0.0,3.0,0.0,2.0,0.0,1.0,
506,MPL0107-57,MF;MG-PL50-03;PL50K;KM;NA;M,EA,0.0,9.0,0.0,5.0,0.0,4.0,
507,MPL0111-02,MF;MG-PL76;PL214K;KM;NA;M,EA,0.0,9.0,0.0,9.0,0.0,0.0,
508,MPL0111-39,MF;MG-PL76;PL214K;KM;NA;M,EA,0.0,10.0,0.0,10.0,0.0,0.0,
509,MPL0142-406,MF;MG-PL13-03;PL220L;KM;NA;M,EA,0.0,11.0,0.0,9.0,0.0,2.0,
510,MRB1178-01US,MF;R-ES-F;RB209K;US/KM;100~240V;M,EA,0.0,60.0,0.0,60.0,0.0,0.0,
511,MRB1179-01US,MF;R-ES-F;RB209L;US/KM;100~240V;M,EA,0.0,30.0,0.0,30.0,0.0,0.0,
512,MRB1182-01US,MF;R-ESPF-F;RB209O;US/KM;100~240V;M,EA,0.0,121.0,0.0,44.0,41.0,36.0,TP dual-role (input cho TP khác)
513,MTM3283-01USN,MF;T-ES-F;TM747K;US/KM;110V;M,EA,0.0,3.0,0.0,3.0,0.0,0.0,
514,MTM3284-01USN,MF;T-ES-F;TM747L;US/KM;110V;M,EA,0.0,2700.0,0.0,2563.0,7.0,138.0,TP dual-role (input cho TP khác)
515,MTM3285-01USN,MF;T-ES-F;TM747M;US/KM;110V;M,EA,0.0,1507.0,0.0,1494.0,0.0,12.0,
516,MTM4268-01US,MF;T-ESPF-F;TM776K;US;110V;M,EA,0.0,5208.0,0.0,5180.0,0.0,28.0,
517,MTM4270-01US,MF;T3XM-02-F;TM725K;US;110V;M,EA,0.0,70.0,0.0,70.0,0.0,0.0,
